chain,draw,warmup,m2[1],m2[2],m2[3],m2[4],m2[5],m2[6],m2[7],m2[8],m2[9],m2[10],m2[11],m2[12],m2[13],m2[14],m2[15],m2[16],m2[17],m2[18],m2[19],m2[20],m2[21],m2[22],m2[23],m2[24],m2[25],m2[26],m2[27],m2[28],net_status[1],net_status[2],net_status[3],net_status[4],net_status[5],net_status[6],net_status[7],net_status[8],net_status[9],net_status[10],net_status[11],net_status[12],net_status[13],net_status[14],net_status[15],net_status[16],net_status[17],net_status[18],net_status[19],net_status[20],net_status[21],net_status[22],net_status[23],net_status[24],net_status[25],net_status[26],net_status[27],net_status[28],net_status[29],net_status[30],net_status[31],net_status[32],net_status[33],net_status[34],net_status[35],net_status[36],net_status[37],net_status[38],net_status[39],net_status[40],net_status[41],net_status[42],net_status[43],net_status[44],net_status[45],net_status[46],net_status[47],net_status[48],net_status[49],net_status[50],net_status[51],net_status[52],net_status[53],net_status[54],net_status[55],net_status[56],net_status[57],net_status[58],net_status[59],net_status[60],net_status[61],net_status[62],net_status[63],net_status[64],net_status[65],net_status[66],net_status[67],net_status[68],net_status[69],net_status[70],net_status[71],net_status[72],net_status[73],net_status[74],net_status[75],net_status[76],net_status[77],net_status[78],net_status[79],net_status[80],net_status[81],net_status[82],net_status[83],net_status[84],net_status[85],net_status[86],net_status[87],net_status[88],net_status[89],net_status[90],net_status[91],net_status[92],net_status[93],net_status[94],net_status[95],net_status[96],net_status[97],net_status[98],net_status[99],net_status[100],r_ns,lp__,accept_stat__,stepsize__,treedepth__,n_leapfrog__,divergent__,energy__
0,0,0,1.3870564513698735,1.1310912687515953,1.0928008468822996,1.434122082008325,1.28362714836058,1.1784431000638285,1.4031292829818187,3.3571108542234334,2.3635391631042673,2.087303584634979,2.4187107373150707,1.392878591280383,1.1415137391124004,2.0045769860605045,2.439008985257933,2.365963303165181,1.2618930966964972,1.197834817090853,3.358300402173252,3.213903773057312,1.0220689929806193,1.1575225188407248,3.1529410132066706,1.495565691592711,1.3645115238796548,1.1827871498962996,1.380835187755892,2.1550316905431646,0.5380493635511481,0.20300554595522335,0.2542407867504387,0.42710920165516997,0.08180605326484547,0.85696963634209,0.9127550476731797,0.2159981540124779,0.47076854643284916,0.8406128637426749,0.29779620525693395,0.6085162722786845,0.4455499985156105,0.4071778963419095,0.7908896217116401,0.46935175400368045,0.4507853867127005,0.9922394592319442,0.9613209083635942,0.23582524462965282,0.23275181566675296,0.6583323707690237,0.41916105068342724,0.7114576253399456,0.732250113908355,0.7894516231461162,0.2649211660946923,0.9982469638530302,0.49024620633040017,0.08257492306666392,0.1170566174300145,0.5525839977967725,0.5138801248532494,0.9348987352167127,0.8985073486702564,0.47282816907782665,0.20642023918850794,0.5743145560579704,0.3007307722796888,0.6537982807878672,0.5317436715434832,0.8382814493879626,0.12978079323075165,0.24532023392002,0.5960677826315087,0.6227664677550241,0.40636351346166777,0.9010825076071864,0.8057858503237559,0.5488424351616342,0.39818144169036684,0.4051863385379776,0.11488221485308792,0.936531369351947,0.2371490159466345,0.1532832879224839,0.5108946274192684,0.46085087207763764,0.07009186798927047,0.5785729798886486,0.7019860870222504,0.48521832249464814,0.07369557281858352,0.18117083138434864,0.11917139091855455,0.5858228433510146,0.08445132599097305,0.39130504008538003,0.1522846324620284,0.41715045251556226,0.637309720836696,0.3592602890611384,0.8950764361028475,0.4214310827968296,0.9329631153366673,0.8151543307605427,0.11701139004484984,0.10101872544752966,0.1343224733682078,0.6352232655316368,0.686438601571393,0.7911693343056643,0.5380689719324007,0.6819217951276145,0.69739329765743,0.3381963502717069,0.6507565698775695,0.414392598107705,0.632221273355575,0.9325931228478438,0.4411804486013957,0.5139175034160471,0.3414174487342906,0.5881937851088157,0.8646791860247242,0.2840471895641481,0.8299800103918403,0.5236506211905672,0.23652880103985008,0.42428529896601686,0.8258428106332875,-4758.437725807258,0.6666666666666666,0.003573294422049443,1,3,1,4827.901679184111
0,1,0,1.3837408461080771,1.134133177917818,1.0881555810561383,1.4380177814231376,1.2813218612653445,1.182502730570273,1.4043881621580576,3.3584695645707074,2.3634151083731623,2.0817882532794805,2.414608921740065,1.4049230616741322,1.1437385548109806,2.001556883101922,2.4427785147202323,2.3643251987959406,1.258041515099301,1.1906865778079134,3.342308372184079,3.2157787092859165,1.0226222570147778,1.1594480408189314,3.1448535557775505,1.490714624911019,1.3612906297442113,1.1839630943232953,1.3738795180666794,2.158247268609438,0.5369030719635174,0.20343679973721807,0.2536221932848226,0.4287945795624607,0.08161191834394443,0.8565880720078137,0.9125289255638901,0.217041169306728,0.4714256955163194,0.8435967433981952,0.29725479829525925,0.6073592542540752,0.44755507354839463,0.40572733727960075,0.7907998243780222,0.46687273314423283,0.44885784979937593,0.9921837361250344,0.9614126563474417,0.23525186705390388,0.23157418075836889,0.6590096999340879,0.42106799741253276,0.7133168516620978,0.7318285578136052,0.7891878275146841,0.26612911839433073,0.9982480936019724,0.48999535063245725,0.08356954796233396,0.11766907330904453,0.5490227838817127,0.514156280589339,0.934442407740251,0.8987086787917222,0.4710592212364515,0.208679794938734,0.5737748244095516,0.3020175163576676,0.6555901529192503,0.5312735629053796,0.8393619113531088,0.1294529920999571,0.24539519727480563,0.5961947294709525,0.6228418962552285,0.4052994573981552,0.9010030432654376,0.8063134225524845,0.5470393507480035,0.40116412586575556,0.40702756509999194,0.11474317595606398,0.9364083834599924,0.23640643140304307,0.15343518543586576,0.5115125123213468,0.4627779406183744,0.07005445078204875,0.579426723277601,0.7021492646355364,0.483823097957115,0.07395863865457442,0.18037303648130665,0.11960992811412707,0.5884693876927057,0.0854893013288478,0.3885021843705536,0.15286685431354874,0.42087902856808646,0.6353337061595721,0.3592775650866845,0.8948944891057738,0.4204817206267214,0.9330188915815754,0.8150285362657802,0.11828492094503185,0.10079764073034048,0.13603913072899565,0.6363986094243417,0.6860360494733387,0.7914338730846961,0.5370717260745207,0.6801138714765776,0.6976506619312388,0.3349409669277622,0.6526453733040974,0.4143757720618195,0.6317745501668629,0.9333043252756584,0.4403860297251284,0.5146171592992048,0.3413549696298519,0.586833763468717,0.8645174569475645,0.2835880400480171,0.8297950121437755,0.5245615080632161,0.23523868240656587,0.4257287610867472,0.8257843727581791,-4758.416943659157,0.7999999950508936,0.003573294422049443,2,5,1,4811.572280579249
0,2,0,1.36877442947381,1.1409470003925746,1.0862222637071457,1.4459594360883008,1.278458749053704,1.1793359461332185,1.4046677724744123,3.3616845351517846,2.366955545960696,2.0769282933415623,2.3981758453384763,1.4100703065389562,1.143270523126945,2.000200689300271,2.4560549004551095,2.3587622233884233,1.2687555186480062,1.1957959275800754,3.348437695365255,3.221022211433718,1.0251509602802007,1.1649713281756102,3.15857735501021,1.477050824316557,1.350216865559099,1.1798652721087448,1.3778648717075745,2.158716604907541,0.5385610233126061,0.2059352708492349,0.2542678054259362,0.4285769826455069,0.08278774927185861,0.8561461536273545,0.9119666021431584,0.2163577106407908,0.4695843445635095,0.8423919130800238,0.29850409717197957,0.6078490195997589,0.4440755780351563,0.4086925396479534,0.7924916540897277,0.4676251036031186,0.4513343201310518,0.9921648577202309,0.9614457067357761,0.23609370427578424,0.22791659913886808,0.6583376412466383,0.42484487750001887,0.7131931608541958,0.7329439709643615,0.7895442024456814,0.2669649432837897,0.998225730490832,0.4855559849653406,0.08491668335413727,0.11709729416268877,0.5486611799590677,0.5166095595955293,0.934807451222241,0.9005795559772038,0.4707238123286016,0.2071489993418365,0.5723504878222057,0.3020395898534073,0.6541330319454515,0.526688348148292,0.8395521157351787,0.13088544751615194,0.24508095745818592,0.594382245685008,0.6230978766414106,0.39978123379665675,0.9016129436601517,0.8048348199855019,0.5483512067819881,0.40422986499115454,0.40706897087131755,0.11428912682562375,0.9359790823023,0.23667136393088783,0.15421791958467557,0.5104868949422271,0.45999457893362605,0.06978216115903102,0.5764304175823508,0.7020691440601532,0.4820481109970495,0.07407089005587775,0.18229517230813863,0.12043732437274923,0.5923299145446576,0.08620335012544256,0.3879196422370622,0.15137058815709992,0.419153038181887,0.6328012764147714,0.36071775081959967,0.8956840358781117,0.4198279035567418,0.9329763995357121,0.8149012598607237,0.11713963979052155,0.10066742976167442,0.13645049637536677,0.6395307417310419,0.6844152032481906,0.7952363187190313,0.5385485983425234,0.680399672520601,0.6975783088426438,0.337632409920015,0.6535551308358207,0.41524262318381566,0.631102883714391,0.9334608232587114,0.44350922183160246,0.5125396900957877,0.3402798003852816,0.5867212254165933,0.8658364917989926,0.2794808537296698,0.830212369795358,0.524841653373661,0.23240130311037555,0.423724039056496,0.8285093371259615,-4758.429005237615,0.8333332941489685,0.003573294422049443,2,6,1,4807.241515360349
0,3,0,1.3654650779129114,1.1375033581551564,1.0837563472119673,1.4318817101094683,1.2771175718909933,1.1753629801614154,1.404495814859765,3.3694369151370873,2.373126738160334,2.073700213752711,2.413441690940733,1.4148772398517604,1.1494775073611558,1.9969216787843258,2.4581337648806385,2.3495907249364327,1.2714271910358752,1.1921570420993843,3.3568949960800003,3.202291112905608,1.02431657868724,1.1646108766690269,3.1767298462611095,1.4761497927916376,1.3471701822135782,1.175490755865135,1.386800912467808,2.152288654915161,0.5408677799699843,0.20385477452176615,0.25411325127704965,0.42938135040296455,0.08226896914192672,0.8563157174074629,0.912152109716709,0.21481319288447642,0.46726289365504936,0.8427457552200722,0.3009184259887806,0.6049812840332176,0.44234923431284523,0.4095170978447954,0.7916026194900367,0.46895336187391146,0.4501999615140867,0.9922440814448541,0.9615513255928774,0.23625764162143892,0.22944125834770557,0.6582323197900077,0.42290548987253995,0.7164204417567136,0.7313771251225797,0.7895131424997275,0.26722213337846357,0.9982253095849263,0.4858215270223224,0.08447832955732959,0.11686087071419693,0.5495503584939515,0.5143631003971547,0.9341181761780043,0.8994173005082101,0.46884104052344033,0.20755610906023514,0.5719476925351309,0.3044657430731862,0.6533600975294888,0.5269494668424208,0.839137317673981,0.13087202900230277,0.2458379874897979,0.5948496914117261,0.6220888077431895,0.39724639254557326,0.9015163248672952,0.8049229245302764,0.546486056826138,0.4023509200134191,0.4075344792300334,0.1152175948459081,0.9363240519053743,0.23828243441780383,0.1542048431413865,0.50798929166815,0.460977400963256,0.06982652150438007,0.5757146121826835,0.7035398825288403,0.48300044367972705,0.07431401047415487,0.18044833642414326,0.1207025034196797,0.5928344529131597,0.08612848220298741,0.38834528500260423,0.1518897730997859,0.417407988960093,0.6311757015544643,0.36094591027224,0.8952371920845638,0.42104587391402837,0.933491494524196,0.8136748258328051,0.11714695826988741,0.1010383760717326,0.13595007781301893,0.6396007232631518,0.6841048067061956,0.7940054136742772,0.5406563679827836,0.6806296020117641,0.6964907146452294,0.33806043694371846,0.6555959768402245,0.41482108085488445,0.6295885756913656,0.9337653507749214,0.44311520015078454,0.5133740611484979,0.34153566101851807,0.5890949162180487,0.8664452038837795,0.27941554885675546,0.830859484252462,0.5278796186142435,0.23196749802880734,0.4248151222053006,0.8285158031493275,-4758.452918365344,0.9166666604993073,0.003573294422049443,3,12,1,4810.550231023217
0,4,0,1.3528635992216995,1.1357787188812574,1.098609377365447,1.37255632438371,1.2772479958288718,1.1778152916135656,1.4591581128362876,3.2980079509014746,2.4464952102050948,2.0353910562977218,2.3977572665946036,1.4381858423581932,1.1229432169345546,1.9870328917551099,2.424155883949086,2.3176474966181653,1.2608238579973259,1.1921543917495208,3.2855634139159733,3.1254753145489884,1.0357521540112273,1.1659373983203478,3.084268077649217,1.4695498414549948,1.3654288574980014,1.1414537866980803,1.4084009006200222,2.1368689442113413,0.5531543135125713,0.20845031081994014,0.24715633433773643,0.4228146850460487,0.07948767591542305,0.854379246904027,0.9142170971529543,0.2110470705231735,0.47519445456693143,0.8370020383141888,0.29057556621435765,0.5990172218121498,0.44606350859189503,0.4267268962630095,0.7972322526924172,0.4771164271357432,0.4467990377555988,0.9925400398657394,0.9629299169931618,0.22782662541255516,0.23209579635461675,0.6504903019596969,0.42025615992491694,0.7251356854900661,0.7349138744470708,0.7853001976623886,0.2526285211113489,0.9981996866676907,0.5016333265955804,0.08228536832898459,0.11671311899525738,0.5412859432280063,0.5069828522202189,0.9309138374948528,0.9002573410178571,0.4836338358149668,0.21361970155377474,0.5709175208056848,0.30484917724658755,0.6498504754013746,0.5155066442867661,0.8429726854880275,0.11996690393075404,0.2401558706463498,0.6006195930821725,0.6125921078416696,0.4009387676831635,0.9003865029632596,0.8014465530691344,0.5345600416839946,0.4022942579808265,0.4002430328276251,0.11348139218722453,0.9334045325220799,0.24274290086916894,0.15892400682200847,0.51416232244521,0.4548483897884712,0.07028091155014526,0.5646321556758636,0.7069556582522295,0.48609102440531426,0.06931629129718075,0.18706553040899077,0.12220235957892023,0.6036238868620026,0.08619776985892524,0.38601633699011617,0.14412321703870112,0.4183173933896692,0.6235485826612073,0.3533297573645331,0.8963504226721916,0.42363235257754883,0.9308075239397543,0.8083724292984041,0.1172356479938681,0.10118794649926355,0.1329205867877019,0.6448048271483079,0.678423135344266,0.7856065142303031,0.5296758807558533,0.6746110207792244,0.7018330170347308,0.32560064711091663,0.6612136999595198,0.40820434774687064,0.6270123707820702,0.9356244987933479,0.4473005132450445,0.5111364866613567,0.33864639665980756,0.5906361300130738,0.8661664667893219,0.28361297667937246,0.8276264054576673,0.5503855992394506,0.24052836086110918,0.4239167090770699,0.8253602834948377,-4758.691111390497,0.9523808236399638,0.003573294422049443,4,21,1,4820.880103604524
1,0,0,1.3770328844128867,1.1490191760609574,1.0848938733214557,1.4388843564829878,1.3320936580828615,1.237978469764053,1.389289512807292,3.3627194619599554,2.3001292941099987,2.1257147423818914,2.3958179708991962,1.3009642915101516,1.1571940401058896,2.042355576104186,2.432468676851523,2.3279780013713367,1.2114325572492222,1.1894922808897417,3.4136188532493716,3.2406483209501435,1.0659821683159474,1.1300972992949085,3.114936459479139,1.4828193830123306,1.375059002814568,1.1870907884214603,1.4449982703065374,2.1666616263399563,0.5291350479164125,0.2051296933667086,0.25938332704222566,0.43203413323231143,0.08195718123535323,0.8582869981205893,0.9097145541026723,0.2087430530866412,0.47038054284051223,0.846389209799461,0.2753357692346451,0.6243224058210257,0.45538743126502956,0.40160470877172105,0.7874550523602223,0.4686113107283826,0.47944930309243183,0.9929034981335704,0.9625801292298548,0.23414042080321285,0.22180804660356068,0.6526635037213765,0.4002242434237774,0.7216114877861056,0.7255435776612132,0.786077888949429,0.272352303188365,0.9983682955196653,0.49000541786036866,0.0879613914564985,0.11080644859315292,0.5695647792073458,0.5088669300063797,0.9360509943059541,0.9036289124206459,0.47209314722707707,0.20078201430800957,0.5656276236471705,0.3074068988436256,0.6383131229960085,0.5131515169065644,0.8443501484528799,0.13765695443720716,0.24313344233800904,0.5858713371651513,0.6289239926514447,0.4178368043603894,0.898751017108977,0.8154670587765225,0.5419835903845489,0.3965508114501285,0.3821016283509966,0.11312197301217697,0.9392792402782739,0.2321986395669856,0.1577701457764088,0.4948937798579265,0.45298009720425003,0.07665889583008323,0.5815933748581441,0.6948741052499883,0.49296906224779125,0.07583204495517337,0.17361249327338768,0.12127638562430199,0.5866513175164877,0.08229249159690888,0.3915773131421272,0.14548724517516676,0.41638701913487175,0.6211374906679092,0.3628582838289691,0.9015486566166648,0.4187092786563842,0.9347969987285001,0.823921645928361,0.1174654486963268,0.10263647260355302,0.13158995527655215,0.6310342118441533,0.685632024303108,0.7828230788386786,0.5454259063091602,0.6733005903322878,0.6808304993312366,0.33910186189950375,0.6601339344192159,0.40977719519078837,0.633912943328543,0.9354506959315944,0.43125986188511756,0.501823329347896,0.326635857666959,0.5903743676967877,0.8654808513118654,0.2694995486821661,0.8369040851532908,0.5314344429695234,0.2176839395389012,0.42440266931697923,0.8764960829810677,-4522.094388493346,0.6666656536296546,0.017637269399044395,1,3,1,4592.701526054528
1,1,0,1.3871600548112792,1.1511007922567285,1.0866775680624199,1.4616669681222667,1.3348205012152787,1.242430862094013,1.3992185165979254,3.353169678676438,2.2897454923357463,2.1072182540382567,2.4320564518193204,1.2934735034545808,1.1504614995256515,2.040030630263958,2.428134831880276,2.392439417891352,1.2323277343047168,1.1943933155052626,3.432331168458542,3.2811301454352857,1.0608227238042618,1.1326965389761725,3.1224515965762465,1.4837366256235804,1.3591696796675323,1.1897903528859095,1.4326963160971027,2.1241530531373387,0.5218264353901817,0.20065899177390079,0.2570669972270089,0.4279174524247402,0.08277388664062679,0.8561308716763785,0.9107781279430223,0.209971266238984,0.47217984229361576,0.8473402193310152,0.2736054838974824,0.6239291886993841,0.4574259220106761,0.40204184154002975,0.7917569610899599,0.4742556433267734,0.4847788878069643,0.9927471052312419,0.9623118921963268,0.23220092668065195,0.2176923900491997,0.6444515135261986,0.40268667517883494,0.7180040635741701,0.7227141103766089,0.7847184588447931,0.26919284162052626,0.9983818856733111,0.4868714753564779,0.08690125401441695,0.11136243058402118,0.5702942319914164,0.5039327986683416,0.9361971311742269,0.9019210913316096,0.4587868675010617,0.20345153742590005,0.5691492909851837,0.30640073575863047,0.6381130759246686,0.514175659016529,0.8455055048337151,0.13543398027278353,0.24200740073355642,0.5767929899653454,0.6251160908783594,0.4136046426031831,0.8999365367162442,0.8163605048550309,0.5478118410191868,0.3915395862495482,0.38107143830839185,0.11388840113647447,0.9397044115423211,0.22833822329073084,0.16072385054109584,0.49381177013692445,0.44519556146109407,0.0732741812121267,0.5799552525031137,0.6977669789664914,0.4845530686042071,0.07464530997222518,0.17379867395690385,0.12205711906406402,0.587022762713139,0.08031982899070589,0.3912681001810031,0.14334544244101544,0.41636378619226866,0.6185565702596386,0.3631906456434705,0.900366634958396,0.41774915290965875,0.936176125970766,0.8296161763352328,0.11796141921598213,0.10139676387190288,0.1308915448038922,0.630225397391385,0.6892963388380077,0.7830117608777524,0.548813505906757,0.669909600755182,0.6781111627411028,0.3458412066615296,0.6604521991320232,0.4125698691865599,0.637510750275737,0.9352650737306335,0.43375651498515133,0.5066726826369428,0.33453491368596255,0.5871119457008899,0.8646205224383819,0.26961141654706766,0.8350388956245328,0.5377240501397909,0.21383260465900678,0.4197229273807529,0.876899640074961,-4522.189278257142,0.6666646740235164,0.017637269399044395,1,3,1,4587.211293706395
1,2,0,1.3806820790204886,1.1423155933955436,1.094363698725707,1.4817628899603204,1.3093728723502807,1.2286007172259257,1.3888546524654368,3.3678026259478218,2.2579305292174467,2.1232712375280167,2.49654698065072,1.30320110508951,1.1509481108700461,2.0656834829702984,2.4103799316798282,2.4259039340447544,1.2283340090246482,1.2071949586718602,3.4228723150577958,3.2554902448728704,1.0604984901974728,1.1750657968439087,3.121602335054544,1.421776587349026,1.3330351078288882,1.1646214468968596,1.3971775467554353,2.1447881769070385,0.5272955279074334,0.2058350382730897,0.2522242209017347,0.421715094638789,0.08512644833098748,0.8602220555895866,0.9104789063561888,0.20470618490641712,0.48965363486604696,0.8512913566823562,0.2798994693817781,0.6329400240902713,0.4635662950100359,0.39822480355122203,0.7907903288027006,0.4871639247453544,0.482996506239215,0.9927742166415949,0.9619280122749899,0.22804396167647223,0.20843366805488606,0.6394558047777814,0.41241534386158174,0.7158628784475514,0.7351919668608874,0.774577845841767,0.261798901513439,0.9984061502373892,0.4947342144833847,0.08430723645627536,0.11538854755909678,0.5725182333467332,0.5172990476356972,0.937794472651909,0.8981739520685519,0.46311053744107644,0.20633953127968807,0.5716989432204281,0.31629990998476254,0.6389419787160393,0.5120153683321793,0.8486467861349782,0.13299408707472227,0.24393580566446438,0.5884367811512069,0.6158945462075707,0.417203478578959,0.9009471604409255,0.8266102271277258,0.5436299048799625,0.38699497444287945,0.3854675436087772,0.1107569353934259,0.9381872325847317,0.22703848672442306,0.16008770590313304,0.4955971544423594,0.45415522059844826,0.07172930102415964,0.5690420100884246,0.7008919088630303,0.4942148139821865,0.07555847741894006,0.17445890921878837,0.1197439410035942,0.5961527848617305,0.08481945840090144,0.39109873382976634,0.1464192578649801,0.41580788008865244,0.6218968459772481,0.3702704956375078,0.9039574679401521,0.4246486789870576,0.9361485509972957,0.8318625412041585,0.11657693741244857,0.10675983176867165,0.1341773718791398,0.6286549847661522,0.7060895811381973,0.7850318258800651,0.5433430151902376,0.6749225804829222,0.6830625739611518,0.3376421489778604,0.678410913721438,0.4061206594130303,0.6382952787733818,0.9321523309553955,0.42793640032955993,0.5002735034356645,0.34019159639869423,0.5738979836057972,0.8627967399084955,0.265181103287809,0.8332391901762775,0.5182398252618711,0.2143306496184615,0.4161720368367564,0.8810365024658272,-4522.367223741316,0.49999645465330256,0.017637269399044395,2,4,1,4576.377701976473
1,3,0,1.3944255091500468,1.1316637718245866,1.0833864916143738,1.4915087129093623,1.3177888879427337,1.24275656202535,1.4181858383741528,3.3715033779725947,2.2614090272830545,2.093584658076539,2.4924267451597633,1.3020698792309058,1.1395688871602563,2.0677808169937832,2.4035602998067485,2.490193646858909,1.2343797943020374,1.2144732008980204,3.4031991139334448,3.2296259044579902,1.0546429733147127,1.1782735881820408,3.1416572331834383,1.4487987299297598,1.312929130812523,1.1713389887721393,1.4141262105955308,2.140402534908765,0.5203837944523164,0.20420780778105552,0.24703809789727682,0.42423840103946,0.08439551755763763,0.8619500640636321,0.9106207422780999,0.20664988359153336,0.49722437629822147,0.8514538692206877,0.2827759615239992,0.6359164068519682,0.46921843975063904,0.39450254511852445,0.7970122994537524,0.4840967675326252,0.4812284298281151,0.9926711287573952,0.9613586263212138,0.22967624094001915,0.21250511210015743,0.6383213102064429,0.4085478738054945,0.7182178466454334,0.7369860262763247,0.7672264912530559,0.2618630822866088,0.9983953378418273,0.4901699353359953,0.08236792105815005,0.11509499487827812,0.5710619231016352,0.5201309699809482,0.9389260189370625,0.8954110077734685,0.4760077731784823,0.20456613732676232,0.5835102325408815,0.31916248940550307,0.6426845619417609,0.508548717930265,0.8478352446453487,0.13191440982394043,0.24723814209430994,0.5957986496543753,0.6218314310697175,0.4220442568075391,0.9006313649221931,0.8249783389931562,0.5407688721328353,0.3839392359592998,0.3826435610049328,0.10991364230225886,0.938436590014396,0.2222296156048037,0.16170212399633233,0.4920054641281747,0.4483952031658067,0.07241053003614528,0.5732838903248486,0.7019784132982221,0.4916201276428135,0.07588181145395323,0.17373976635976618,0.1207282829783839,0.5988564324322252,0.08493182573772551,0.3891633018695132,0.14969975370602961,0.41839901549216985,0.6242763335921688,0.3689151636944571,0.9045684838461004,0.42787364989996723,0.9362808202879318,0.831341329350012,0.11738896763895246,0.10525115111703531,0.131128435873751,0.6260849788604428,0.7053307340659313,0.7869767075796272,0.5458120699058711,0.6737578636090786,0.6736746168509529,0.337297147063899,0.6740472323117805,0.407215998816722,0.6367829832134285,0.9320676413858346,0.42923515953028757,0.4961725521889613,0.34421850179112745,0.568985141546515,0.8655570273110907,0.27134688098213144,0.8290554690974075,0.5196287016870221,0.2196986797121374,0.4133210192266972,0.8821738846174639,-4522.275010213495,0.5,0.017637269399044395,1,2,1,4590.389501388686
1,4,0,1.3984596172459756,1.131218327110929,1.0851839635574119,1.491326560611498,1.3192901517151818,1.2440713999698028,1.439799772620264,3.3853907604723323,2.2547066697624767,2.0929436222748716,2.4766850957810367,1.2811878572590438,1.1512627000566569,2.0791376417125633,2.378542623370028,2.4933033721131777,1.2280959111940253,1.211566627068144,3.424700386509831,3.2842171643677354,1.0495634464854324,1.1662575505058888,3.090040726472817,1.481700400686599,1.3012969242201606,1.1501174388655406,1.4254160793482589,2.136299206868139,0.5119930187558653,0.2010628976020159,0.24844828113496453,0.43279852781145345,0.0866137619359334,0.8629543616178285,0.9103740943333162,0.21053509864268727,0.4945506701013721,0.8515565464444415,0.2878761499965713,0.6407471329452689,0.46736701027308014,0.3956781226118069,0.7980415407883324,0.48210244376046485,0.4845307135831136,0.9924820498303705,0.9615755767317394,0.23426998870358262,0.21557395055996142,0.6423243372012083,0.40771504803888947,0.7178425726622286,0.7363684300614708,0.7648520640432962,0.2577550877741709,0.998400947211511,0.4864247976832393,0.08369965098537013,0.11753769939976577,0.5705760647873717,0.5257680136554459,0.9401193965081363,0.8945077186605594,0.47898762830437525,0.204099368468163,0.5740723596209351,0.32120857469488595,0.6391455342647595,0.511096787805134,0.8484609755457421,0.13437927889274093,0.24813753574644382,0.5952405288250426,0.6276651642039629,0.43144362170897443,0.9019657870250981,0.829382121845055,0.5370541405376844,0.3886174850204166,0.379678657975972,0.1110443413484129,0.9396517252325642,0.22762290814014685,0.16424672557922926,0.4971147421554398,0.45474084889924626,0.07231341981711947,0.5695271735601033,0.6993795973869099,0.49537476166818684,0.07443994251629082,0.1704547149150386,0.12094807423879972,0.6013252859110343,0.08607858082282527,0.39010074701234687,0.1510124971789394,0.41147945050733337,0.627764423458816,0.36839351506429696,0.9031425328336814,0.42775239063461956,0.9374102832300686,0.8313069781984567,0.11905237457025764,0.10339358140958466,0.13314927452864056,0.6242507800902015,0.7004593779250478,0.7918810888190938,0.5401475505558017,0.6758908706772198,0.6819547871915969,0.33773639122145316,0.6756284441177319,0.40779952070701975,0.6386159691262052,0.9318177879053248,0.4284889635594057,0.48951085559891805,0.35380766804860986,0.5713575465704845,0.8678020224374137,0.2622866441328371,0.8278588031910418,0.5170011819964259,0.21983647539066709,0.4141183910354723,0.8820141209824732,-4522.23958298239,0.5,0.017637269399044395,1,2,1,4590.738000959156
2,0,0,1.387543875617229,1.1304627948050148,1.101643878389853,1.463615179561398,1.3142729473266295,1.2159927660955216,1.3805230664717507,3.2614744463764844,2.3297384880588536,2.038337400845277,2.463965534940633,1.3594584511358443,1.1744920909524479,1.9905332305537886,2.463746034045344,2.3583608280124437,1.23437658697748,1.2118377456541318,3.3885746622711013,3.212222044502146,1.0199429999138285,1.1828761748229937,3.1877621174948287,1.4424981986242917,1.4031792676753894,1.2610500595526344,1.2961905335384043,2.104471540502246,0.5291572052356602,0.21366045969428948,0.25912773430474345,0.43643258396373263,0.082318882450655,0.8590630847593195,0.914794768956892,0.21124617272251156,0.4781844652512962,0.8303591199838415,0.2821832987654097,0.6170726187616778,0.4414613357069641,0.3887748907270001,0.7969595484897213,0.4580290729823845,0.47390073770776686,0.9916972972390777,0.961949903336753,0.228333785569379,0.2316465754987379,0.6754136926427576,0.406459708039163,0.716505150924542,0.7414864832832774,0.7774826064979337,0.2532970996804803,0.9983639508026697,0.4851647357295721,0.08166493115687101,0.11952970711303701,0.5516811688496808,0.4887366790930826,0.9320528115262415,0.902484449020104,0.47768880424749716,0.21384408725137427,0.5518465102465374,0.31727228592781365,0.6533578040645485,0.5046773104314564,0.8376177414302457,0.1361471673067216,0.24712814716665799,0.5779363917786629,0.620139594616517,0.40668723194962353,0.9042944223673093,0.8161921146326048,0.5362407892014274,0.41676293391147823,0.40625683128969303,0.10982948611446397,0.9370597382574432,0.22990771633501728,0.1489364868669515,0.5074232459426273,0.45344726952762604,0.0797621186532822,0.5834382303013874,0.6944433185587406,0.47485118258389514,0.06899668988623953,0.17297171697102864,0.1164617610068317,0.5852726610077098,0.08988276843680387,0.38339803437722153,0.15631823578611637,0.4140684076560961,0.6356825476505209,0.36149809066996363,0.8943764038235457,0.43333960566458807,0.9357805780475567,0.8221558730523825,0.12178229951802921,0.10819872050175494,0.12872113016025277,0.6317383377622079,0.6827397834534961,0.7954189603607701,0.5346722165227399,0.6745492757568663,0.6860759761202134,0.330578846644461,0.6375005725661683,0.4108498550888281,0.6458393228715731,0.9323505174647124,0.4216491310078626,0.4994087476769077,0.32324919023933274,0.5609283237608375,0.8627359217617082,0.2892566988388685,0.8294965240085472,0.5123957973340336,0.22147393136392657,0.41261562996393253,0.8433542256218736,-4600.427125348442,0.5,0.017660638280936333,1,2,1,4660.336109892007
2,1,0,1.3690125188190883,1.1287398974760148,1.103990779456654,1.4395960732165944,1.2942179316694409,1.218408527920437,1.3914315355094786,3.2951522652515646,2.287401915503113,2.0439708638859617,2.441496420840504,1.3450888460555013,1.1533266768831805,2.012173753685535,2.4850853297861644,2.381410494472902,1.2324036206348654,1.2266866116961088,3.3873663086422034,3.2669087959764216,1.01488501785329,1.2003194047800265,3.1974740855845774,1.4277386564987569,1.3992713049786536,1.273508473651705,1.3000592462170961,2.084587676021983,0.5283228621833302,0.21129745918511678,0.26310798602353436,0.4361086144869344,0.08177318742448103,0.8583396254513799,0.9137622925496276,0.20889520681492302,0.47775900959956596,0.8270629168500394,0.28863024171308604,0.613931303278077,0.43461515606204815,0.3858152872812691,0.7954567976715275,0.4633158591949802,0.47276352736742644,0.9917872196811546,0.9613222020126768,0.22941418214618148,0.22993094899800248,0.6728310415178695,0.4099313129470922,0.7138380592315354,0.7414519655953316,0.780757379304562,0.2602762462632626,0.9983569506166079,0.48769695204701013,0.08100740438247789,0.12062331964893469,0.5486966620199547,0.48338886745301557,0.9331040603252277,0.9025752731686005,0.47934208994269023,0.20953535964395664,0.5553986375031386,0.31969875853851293,0.6589260644137179,0.5005105539869994,0.8354461332904287,0.13441246478338986,0.24569662303122686,0.5818974252563691,0.6290411763732943,0.4119573474542638,0.904914528851906,0.8154676893849899,0.5360172797891841,0.41348075221149005,0.40678547810717236,0.11000969100820468,0.9352234484753147,0.22546965053797463,0.14855041705953442,0.5065131743055006,0.4531121891118578,0.0812563844186861,0.5807037428666324,0.6978879409105818,0.47725481626464406,0.07001978174454349,0.16957501211052073,0.1187378484880448,0.5812422721990772,0.08983877334594159,0.3815089928972323,0.15836075311388909,0.4191054175150406,0.6403388503360631,0.36332237890982355,0.8938792985778417,0.43532127436204315,0.9369369744956764,0.8274276718015752,0.12407986373691116,0.11181948309276735,0.1278273621395447,0.6349505597275265,0.6890518481805497,0.797440343675972,0.531809681868704,0.6686002073094273,0.6877666295273636,0.3243110182662351,0.6357298060488368,0.40910335655800867,0.6497397537497064,0.9328849058554437,0.42241167060170304,0.4960633625988432,0.3214724614907707,0.5685428777297438,0.8629039297583787,0.29608895882732433,0.8274658335846142,0.5051318205509235,0.22042334191562718,0.4104329059187495,0.8488159531744646,-4600.465164635212,0.24999922440390293,0.017660638280936333,2,4,1,4666.000443193922
2,2,0,1.3437606210767972,1.097910598662011,1.1063776630633146,1.4612346893900001,1.314405875841832,1.226491515865693,1.3853909055830247,3.1848925422717227,2.2784691404579576,2.1188546576412013,2.3656426820042236,1.369633598306757,1.1530055989958181,2.024919801749688,2.4344757498253955,2.4498734244212867,1.26679192249881,1.227398449432505,3.32302412223725,3.273499206128345,1.0122413013243277,1.2187892241468483,3.2400837205114796,1.4291530007943383,1.445156769097618,1.2561970888944238,1.3215310207932975,2.0583976701238647,0.5298250105670987,0.208666886654451,0.2588827339084373,0.4311213057215647,0.07685635547401926,0.8631419114996545,0.9099677787183696,0.20834778086878236,0.47806132057918693,0.8257764630194772,0.2860805716805007,0.6189427440952227,0.4348948086776745,0.39794298654647775,0.7938350215556671,0.4538677290032451,0.47786852824296866,0.9914854767705057,0.9620827871039078,0.2296055202910401,0.2299760003159188,0.6757034184097461,0.3929637905756188,0.7218970781989246,0.7210924942283022,0.787909267972858,0.26490814503307947,0.9984083947459229,0.49666572300812484,0.08177855733337336,0.12155416843687183,0.5439842794285566,0.48708268965146106,0.9338521547908644,0.9041778256600309,0.48117254147802513,0.21527438886843586,0.5617068387537947,0.3051554554721825,0.6567689709449611,0.48730733551850913,0.8348224759708119,0.13356974445395264,0.2268902346319175,0.5816763127231029,0.6388770304823468,0.4085011045983905,0.9064751867959796,0.8056861588467729,0.5329814800487961,0.3918505151842798,0.41563204957228483,0.10527025527083811,0.938104211771839,0.22770371942744883,0.1490553415038801,0.5143005480979463,0.46409877787057097,0.08200793153458374,0.5769858479052538,0.7008223440932578,0.4796531667076406,0.07154636799138858,0.18072054343229882,0.12403548309179047,0.581056254797496,0.0872498941386819,0.381889309047447,0.1535772037331644,0.4248603729821213,0.6404240460736381,0.3654549670129432,0.8985807727211407,0.4504518761619254,0.9375946223223951,0.8193314666607946,0.12801855967208053,0.11683626658176405,0.13561222499628411,0.6298445142614152,0.7067183854809433,0.791375591180116,0.5299495662295781,0.6812647744578564,0.6918876070370195,0.3289633834386789,0.6332478511339539,0.4122889379252198,0.6395259308901221,0.934269222609224,0.4331690119122916,0.503616687163471,0.3176263479090794,0.575951118273898,0.8636349201921263,0.31072034772353463,0.8296419205862607,0.4952475917977345,0.2211380388348092,0.41081030382388517,0.8484845309699447,-4600.416381557836,0.5,0.017660638280936333,2,6,1,4670.202022019224
2,3,0,1.3451160746189141,1.0965169097356169,1.1115986054609834,1.4538196099280198,1.326547236840625,1.2451670289431744,1.3904360349331584,3.145497119092635,2.2597860526962497,2.115338771459621,2.321698034230126,1.356295964854612,1.1521423063827134,2.0523590878366544,2.4748070161500895,2.4679495281073605,1.274329840952841,1.2385335760459109,3.3118137009730937,3.2393966116801405,1.0182590646076073,1.2099234556035654,3.2376131481141206,1.4358180142760766,1.42193700431837,1.2543455072717125,1.3184600920218494,2.0707927964320882,0.5308253470561213,0.2100156826572337,0.263845083713413,0.4388832719583907,0.07826389583513405,0.8617877527671364,0.9117684033382699,0.212414853667111,0.4716965800447043,0.82479323132638,0.28340403003728953,0.6246776076430164,0.43477885278734696,0.3973911406018378,0.7938443402332593,0.45210513604844815,0.48361747657413323,0.9912278766868584,0.9619962601962898,0.22808263873771462,0.22704733783764386,0.6726290501810003,0.38684231190910023,0.7175593118672499,0.7201648982126753,0.7819645893969829,0.2658663320881456,0.9983708828024761,0.501979969857601,0.08126422330726057,0.12300120512050217,0.5480757083095131,0.4979779640890205,0.9343315777273351,0.903246129171965,0.4837364822621113,0.2164189001590272,0.5528828070022697,0.307558193926902,0.6605394588386719,0.49131664927387864,0.8346472105743562,0.13707560597264412,0.22377341560601482,0.5787078877465411,0.6366130182350448,0.4130657371102736,0.9083625459550437,0.811343690373108,0.5356472011794049,0.3939186284524392,0.40556526911134605,0.10193890037790321,0.9369904110743013,0.22400311898812075,0.15107904712835718,0.5105986016233437,0.45787811257293154,0.08427975920189501,0.573081320313637,0.6988575456468586,0.47939540687975934,0.0733527904985114,0.17830420602280705,0.12628493628789994,0.5776602096740807,0.08634265833017474,0.38560953695839784,0.1482773770285758,0.419507992902046,0.6385507483920951,0.3628904898769558,0.8979278744027622,0.455302728522716,0.9373922873171419,0.8189815953919809,0.12895065652413484,0.11801362075075184,0.13124087618942226,0.6237209724655942,0.7067737546429654,0.7896049925298667,0.5270097542891434,0.6792090614705709,0.6900902645825325,0.3315059013472328,0.6278485758688789,0.4127777254461603,0.6380461014276115,0.933413709722022,0.4342493209946696,0.5065420041175077,0.32010632105499826,0.5696927156307916,0.8616445565244109,0.3089671348061831,0.8294805762927117,0.5043914666079469,0.21954118112917353,0.40600546705348795,0.8488489773769557,-4600.234434120702,0.3333333333333333,0.017660638280936333,1,3,1,4670.392329691655
2,4,0,1.3441282104226007,1.0849677659708248,1.0969951734822383,1.4589231788654804,1.3155487386700826,1.2361988438719758,1.394196722358227,3.1785856415451645,2.2596467021580837,2.131915560458267,2.353882552408697,1.349863684271527,1.1469906414721889,2.042173835282534,2.4930374428092192,2.466166372608593,1.2986133363490335,1.2398128423691972,3.2762624271662277,3.2599733123333463,1.0133365114078343,1.209222148231067,3.198599867130796,1.4282111232213859,1.4218372555630507,1.2383277142310107,1.3399490494027781,2.060879461777006,0.5316077382163344,0.21224875644246666,0.2634272948377635,0.4471687398884576,0.07744024233812474,0.8625366253947212,0.9117790589992708,0.2099012438558533,0.47289292179035536,0.8249329130542472,0.2840261570960382,0.632384572594933,0.4358155904525163,0.395114630929966,0.7961855850133595,0.4538393767718296,0.48840974287096317,0.991118799071139,0.9612470887618818,0.22567285778078428,0.22206036780391558,0.6743043581150729,0.3843116070814597,0.7130126216661454,0.7197983547922097,0.7830541156340718,0.2652681563969336,0.9983708134682158,0.49759874683143057,0.08100912393579973,0.12192788856085035,0.551140380965143,0.4929933687007886,0.9323162264696525,0.9056356531964368,0.478274783777101,0.2170448532061935,0.5503396160414922,0.307349080476336,0.6569798122805417,0.4975140710894622,0.8340477439259008,0.1371612354398335,0.22071661480251892,0.5813534235171725,0.6385636117458479,0.41118019825153707,0.9095737694356802,0.8096042904887547,0.5362780126053823,0.3964331158499502,0.4071480919555498,0.1012949372305223,0.9386047457521266,0.22384845742573722,0.14928026616957712,0.5096847481656325,0.4593609698037875,0.08498745732024426,0.5801175290469381,0.7009727151336502,0.4783122916840683,0.07199766987835954,0.18018055265593746,0.12429572162389035,0.5752534323779032,0.08778889899477604,0.3846656544390361,0.14607369327240427,0.41415431356443044,0.6380953373388559,0.3642089338048241,0.8964136447851161,0.4450620092826516,0.9358022862893919,0.8214082393571148,0.1250191998729664,0.12016430813848467,0.13212342587076364,0.625582868581472,0.7033099324540371,0.7900607385939432,0.518075231508303,0.6802324007953967,0.6905664479778183,0.3280435974908681,0.6259944428531705,0.4131499024213565,0.643803200849461,0.9345833918561793,0.4348354832819148,0.504900069150378,0.32102878620254405,0.5734250337122239,0.8615998507506355,0.30583693667865886,0.8296039734689377,0.510945454342823,0.21677071552922544,0.40879896333662435,0.8478344725078288,-4600.386192182261,0.4444438912148476,0.017660638280936333,3,9,1,4651.661932783729
3,0,0,1.4148709532083705,1.0958909029472754,1.0606416452572147,1.4441206943455565,1.3542340851520427,1.2157301430914462,1.3551339245545941,3.2878331330847397,2.4789440457390577,2.110208155188441,2.4316431799472573,1.3771002222084807,1.1039012695723764,1.966069557364194,2.4615226811354174,2.443399716228434,1.2693780384270454,1.1916046600309937,3.4536472275680046,3.1517959145731145,1.0304742660104143,1.1468769100162828,3.0422325753662665,1.4834842202114287,1.2972264706746153,1.1636581903439802,1.364794498371146,2.145913519689775,0.513347250378659,0.2122065171533346,0.2617510878612518,0.41643523121071613,0.08327909027986846,0.8484943619487085,0.9152275198419785,0.2071060064434257,0.471083535486131,0.8428598911719252,0.3015847039255264,0.5998267044582412,0.4511381463785259,0.40910243244772504,0.7833355746400962,0.4399840927879759,0.4669317246929173,0.9922239965467773,0.9608960991392657,0.24392673329787296,0.21855144347935118,0.6590966452097368,0.40807414710631984,0.7097428635793488,0.7404455097030325,0.794073923856593,0.28250426433774445,0.9982723579710988,0.4841332046732896,0.08706493567798701,0.10475622967666343,0.5548154027894249,0.4964649261373525,0.9358660062418789,0.8979773915495376,0.46655713113979336,0.2120815140024992,0.5565306712519094,0.3065206531927227,0.6555925205366332,0.5159211554001807,0.843228156745685,0.1320262981959417,0.24648694440443364,0.5879240262926142,0.6068113717428106,0.4085310181905949,0.905320906902154,0.8147370721206333,0.5413579950477033,0.4285233128693119,0.39420646641612733,0.11618530755708012,0.9391572764194923,0.23468453418414703,0.15713633256936976,0.5159729383980102,0.4619697702729173,0.07296422680952419,0.5932859943335029,0.6827489996890871,0.48594107529629615,0.07324073119561525,0.1696836660458304,0.11331582670415374,0.6020566277840859,0.09345445096590499,0.35418891395800023,0.13548105797992138,0.39915634853384807,0.6212578880543054,0.37378097617912787,0.8945583641588142,0.4025177951962259,0.9352358017100414,0.8254666940641389,0.11238693668537669,0.10468092683638375,0.13334318750430996,0.629169487816044,0.694367816652611,0.7948171707955125,0.5312869152735651,0.6773924626791595,0.6794728905910916,0.3686626814561923,0.6655224591940929,0.4100072219171791,0.6375242817677764,0.9337721501119787,0.42361907764320605,0.5078967448344631,0.3371616161988493,0.586217832793838,0.867819601557095,0.2904353316056518,0.8420638730701544,0.5149974189876397,0.21765381991407118,0.42616152723602096,0.8696571654451701,-4522.022072013162,0.6499999579260507,0.003954219336894162,5,40,1,4582.631744297929
3,1,0,1.417496818543888,1.091424129600963,1.056164477838123,1.4687045276648378,1.3455588642516028,1.216943899043415,1.3451824184021763,3.3150878636914687,2.4957303925272085,2.0971595480081255,2.4271851576831462,1.385768609691505,1.1008057384744716,1.9616254983725936,2.4672554035314076,2.420155796617746,1.2798930484777782,1.177717724868808,3.499171480025667,3.1684306114961767,1.0408991870021653,1.1445820246325387,3.0044821306037877,1.4818350861871785,1.3125825958620583,1.161428657003027,1.37486731177719,2.122075917037978,0.512690324925445,0.20986341207031267,0.261929825538911,0.4163079584955677,0.08392093158910663,0.8475809499660214,0.9150177597312723,0.2082733976895622,0.4698220162688409,0.8447964407134555,0.3045260666556787,0.5993742509012825,0.4455358235529263,0.4139299233681978,0.7847721066440921,0.4378486448429679,0.46843524450903884,0.9923069392524564,0.9602862213782338,0.2467283596224381,0.21868314279140944,0.6598473512348034,0.4068895932923976,0.7127791118677509,0.7388969036127825,0.7899836349692743,0.28202139384451963,0.9982499202663684,0.4865338029924161,0.08604038178594564,0.10678694001113753,0.5591205218394784,0.49675585974819936,0.933667869397761,0.8990528314473897,0.4605893631730137,0.21614181957590217,0.5575288947434275,0.31468584509095454,0.6556756035990822,0.5161754232252549,0.842371988589354,0.13427722933821895,0.2432990923866144,0.5880038975057098,0.6062083250856284,0.4076020984722052,0.9034283475723526,0.8166706254904291,0.5427812431439902,0.42407886781352777,0.389667922082505,0.11598109868220319,0.9396180473289982,0.23961730476650245,0.15656677835809252,0.5161588785380432,0.46020720987965746,0.07265955185787265,0.5949233179558464,0.6819890037927662,0.49140137226481073,0.07371623520518633,0.17063959406757323,0.11595927538449835,0.5943165654628039,0.09457573826793908,0.35408934779506585,0.13387462103571213,0.40274157512417474,0.6170556068522074,0.3733264561456332,0.896349171052161,0.4023751379384941,0.9355809850855817,0.8239399949159554,0.11025140609516637,0.1033543805323417,0.13395123112805118,0.625588477165779,0.6952651791672162,0.7941661240537639,0.5260801770597381,0.6816351676016366,0.6730258766223768,0.37150226721048674,0.6629850870807682,0.4125495386589607,0.6262665114346273,0.9364134905469558,0.426410853871411,0.5019947767817794,0.3370413701994214,0.5864007587160949,0.8686595377637906,0.28847468853102687,0.84113842346652,0.5127198706929187,0.21797149411833494,0.42520550631660703,0.8718817986508242,-4521.930613790061,0.5624999223206377,0.003954219336894162,4,16,1,4582.0808325579255
3,2,0,1.417496818543888,1.091424129600963,1.056164477838123,1.4687045276648378,1.3455588642516028,1.216943899043415,1.3451824184021763,3.3150878636914687,2.4957303925272085,2.0971595480081255,2.4271851576831462,1.385768609691505,1.1008057384744716,1.9616254983725936,2.4672554035314076,2.420155796617746,1.2798930484777782,1.177717724868808,3.499171480025667,3.1684306114961767,1.0408991870021653,1.1445820246325387,3.0044821306037877,1.4818350861871785,1.3125825958620583,1.161428657003027,1.37486731177719,2.122075917037978,0.512690324925445,0.20986341207031267,0.261929825538911,0.4163079584955677,0.08392093158910663,0.8475809499660214,0.9150177597312723,0.2082733976895622,0.4698220162688409,0.8447964407134555,0.3045260666556787,0.5993742509012825,0.4455358235529263,0.4139299233681978,0.7847721066440921,0.4378486448429679,0.46843524450903884,0.9923069392524564,0.9602862213782338,0.2467283596224381,0.21868314279140944,0.6598473512348034,0.4068895932923976,0.7127791118677509,0.7388969036127825,0.7899836349692743,0.28202139384451963,0.9982499202663684,0.4865338029924161,0.08604038178594564,0.10678694001113753,0.5591205218394784,0.49675585974819936,0.933667869397761,0.8990528314473897,0.4605893631730137,0.21614181957590217,0.5575288947434275,0.31468584509095454,0.6556756035990822,0.5161754232252549,0.842371988589354,0.13427722933821895,0.2432990923866144,0.5880038975057098,0.6062083250856284,0.4076020984722052,0.9034283475723526,0.8166706254904291,0.5427812431439902,0.42407886781352777,0.389667922082505,0.11598109868220319,0.9396180473289982,0.23961730476650245,0.15656677835809252,0.5161588785380432,0.46020720987965746,0.07265955185787265,0.5949233179558464,0.6819890037927662,0.49140137226481073,0.07371623520518633,0.17063959406757323,0.11595927538449835,0.5943165654628039,0.09457573826793908,0.35408934779506585,0.13387462103571213,0.40274157512417474,0.6170556068522074,0.3733264561456332,0.896349171052161,0.4023751379384941,0.9355809850855817,0.8239399949159554,0.11025140609516637,0.1033543805323417,0.13395123112805118,0.625588477165779,0.6952651791672162,0.7941661240537639,0.5260801770597381,0.6816351676016366,0.6730258766223768,0.37150226721048674,0.6629850870807682,0.4125495386589607,0.6262665114346273,0.9364134905469558,0.426410853871411,0.5019947767817794,0.3370413701994214,0.5864007587160949,0.8686595377637906,0.28847468853102687,0.84113842346652,0.5127198706929187,0.21797149411833494,0.42520550631660703,0.8718817986508242,-4521.930613790061,7.12579122369436e-114,0.003954219336894162,3,9,1,4577.737857748585
3,3,0,1.3776276531530218,1.0832410092294724,1.0552185939448075,1.4902858293270071,1.3452017276911161,1.237054337679273,1.2971369232717818,3.1954841998769217,2.4576509081850886,2.141588722933948,2.433698261397371,1.3940498848112615,1.0855780451508386,1.9708888067333923,2.4402717896006236,2.483081165010008,1.2882742856764897,1.1727367264259532,3.3503468800274647,2.9764549283271533,1.057544013935404,1.164048384124467,3.0911540409672464,1.4922206614703142,1.3293619689768317,1.1968968407463019,1.3922271108895203,2.126720058344522,0.5106042744886394,0.21663677806737736,0.2703632596948278,0.42449653580879476,0.08354517385496851,0.8494559555416289,0.9165363137183846,0.20327146236054938,0.486581350370891,0.8416708555615583,0.286663181417515,0.5922563468495605,0.4593207338437545,0.3992612024520348,0.7888808432385277,0.43185474157139714,0.47176416501102514,0.9922812399875535,0.9597968605637609,0.24156604200604626,0.21783718355039772,0.6544801714295304,0.40959996262388854,0.7131632027748203,0.733198758115782,0.787042624790524,0.29814101054900244,0.998247512446389,0.5034207935072814,0.09336724417653808,0.11132433954434684,0.5730968108455882,0.506717115273107,0.9282407659412024,0.8900718571381311,0.44498421609657945,0.22306609140855316,0.5707991126107727,0.3150143479406846,0.6414200031789504,0.5401773407865561,0.839576902628021,0.13797482033662056,0.24468600633864135,0.5845924356878723,0.5974732399770247,0.3929080900075975,0.8989356544237677,0.8139566324038152,0.5741037598061126,0.4309940929527679,0.39016974140352245,0.12281730649828737,0.9354821667748594,0.23959929455995244,0.16136935998709945,0.5048867898924523,0.4475637042063735,0.07290312564866552,0.6102827382265684,0.6932475952327976,0.49523495530492423,0.07936137306135216,0.1643928080782715,0.11566290814452329,0.5900557566464107,0.09773268625990239,0.36117364919407624,0.13787686621433692,0.40925321227744427,0.624958904302575,0.37272107634945006,0.8969193806029578,0.39979881785158644,0.9350599157615807,0.8217424799038142,0.11711109270101916,0.10480551420027917,0.1255260895158422,0.6360356381369804,0.7068391012111507,0.8004406228690902,0.5176834088286073,0.6845007848094421,0.6675047738244659,0.3756874996528129,0.6659155905453735,0.4230266719464515,0.6379889523341723,0.9356569242350883,0.4338490509342341,0.5106336150980852,0.34090708400576286,0.5881484831663626,0.8654068025050108,0.28203449697118443,0.8378345275252248,0.4932296569906066,0.21994339028477072,0.42741380954376385,0.8740778086627143,-4521.291588712607,0.5,0.003954219336894162,4,26,1,4586.037835033804
3,4,0,1.3625194664416767,1.0908406108846496,1.1129849555639935,1.471226195630831,1.3710607404248387,1.2820840212547384,1.2929079257502634,3.2352785626741447,2.400147568495954,2.1651271293695467,2.3700808450903486,1.3732914586392853,1.089293846450588,1.9456680810299023,2.404793154718405,2.447441898316112,1.2903256560463663,1.141868090126902,3.4128054159906442,2.9624578386312646,1.0534644203965806,1.1574334472526115,3.1468041362210544,1.4889559764247262,1.3373669706393452,1.2094443984861445,1.3616978170974683,2.1751571118040416,0.5232307418574415,0.22185091936135537,0.2819820061596673,0.4236996685986847,0.08085221220006134,0.8513300898335374,0.9182972269358175,0.2001238767645156,0.48452482018884946,0.8448009718280225,0.2854497370429838,0.5846414099247335,0.4617973804948624,0.41175153105269624,0.7891029672285873,0.4371530674252532,0.4855422396177631,0.9920358486173644,0.9605617019874784,0.23425751792336558,0.2091527107583384,0.6683058641615296,0.4007427985964145,0.7100802411961894,0.7233516480420882,0.7867171283107443,0.2968912416944288,0.9982154811648452,0.4978085988219185,0.09100342037975784,0.10933950918763735,0.5779903440542061,0.4955172516638232,0.9322241664484132,0.8873184666696232,0.4425257171616941,0.2252176077516247,0.5726899946144283,0.3187982445381595,0.6379722623957004,0.545926728393313,0.8482498814381055,0.13510493982025806,0.23421497985849493,0.5828798869454078,0.5968992243015042,0.3904544282526018,0.899760525718069,0.8104817342418732,0.5699597807813808,0.42317428954239356,0.3966175577324367,0.12090160554653329,0.9360797162456432,0.2332274027208131,0.16511645221406357,0.5034856663335688,0.4479887454140865,0.06964545566243563,0.5994182706005637,0.7082836424094856,0.4979053903753572,0.07972835779194776,0.16978166949933338,0.11740496045968873,0.5902836444651971,0.09157456180652046,0.35193248697306256,0.13942778770948772,0.40677950347292124,0.6299091576444481,0.36834245699816637,0.8958406773605577,0.40212811780099833,0.9335856130001176,0.817813495362893,0.1168386903041152,0.10195156939585881,0.12208337451874729,0.6295334635111205,0.7033609791469465,0.8020981055933825,0.525662789175044,0.6776294641320607,0.674944498100813,0.3692860575562035,0.6506549629681582,0.41884520074967524,0.6341939145871056,0.9315191150538915,0.4350720325625753,0.5037657989109974,0.3440959102074358,0.5845677298258277,0.8650829727389089,0.2915738810147278,0.8368647684441214,0.5045002425694927,0.22142039141814662,0.4440499684139755,0.8713528878248149,-4521.410686800344,0.9499999453072203,0.003954219336894162,4,20,1,4575.730537345417
